id;name;public_key;session_id
1;integrated Frozen Cambridgeshire;Maine COM Group;Montana Frozen gold
2;Concrete;markets;transmitting
3;product Plastic;Grocery e-tailers;Mobility
4;calculate Branding;Ball navigating;SMS Jewelery Pants
5;bi-directional;Synergistic transmitter;Idaho Tennessee
6;Associate mobile;Soft global withdrawal;Administrator Kansas Bedfordshire
7;Village relationships;incubate;Architect Legacy USB
8;non-volatile;Cedi Verde Legacy;grid-enabled
9;Baht;platforms Idaho Polarised;payment connect
10;SMTP;Seychelles Ergonomic;Supervisor
