id;name;verification_code;request_time;accepted;session_id;public_key;login
1;Frozen;interface Reverse-engineered;2018-07-31T00:10:16;true;open-source;definition Consultant cutting-edge;AGP morph Chair
2;invoice Paraguay;hacking programming;2018-07-31T15:34:23;false;Cambridgeshire quantify;innovative synthesize streamline;Euro Cuba partnerships
3;workforce Locks;port Plastic;2018-07-31T08:45:39;true;approach;Toys Garden Mali;Borders
4;bricks-and-clicks Sleek Texas;Iran neutral Passage;2018-07-30T21:34:57;false;installation;Ford Cloned;Practical
5;B2B alliance;Technician virtual;2018-07-31T03:39:16;true;Optimization Games;incubate;Concrete Account
6;disintermediate Account deposit;models;2018-07-31T11:25:15;false;Steel;Litas migration Executive;navigating
7;Markets Jewelery;contingency 1080p;2018-07-31T10:25:10;true;Keyboard overriding;state;SCSI bottom-line
8;Mouse Music withdrawal;Ergonomic;2018-07-30T23:16:49;true;Assurance;methodical Salad;Handmade
9;Grocery;Specialist;2018-07-31T01:34:31;true;contingency;red;Cambridgeshire Designer
10;Handmade;Unbranded Cotton Unbranded;2018-07-31T18:56:20;false;feed program Engineer;Plastic;Versatile Books up
